{
  "model_name": "DanteLightGBM",
  "target": "reached_1r",
  "threshold": 0.54,
  "features": [
    "chejan_strength",
    "volume_speed",
    "spread_rate",
    "obs_elapsed_sec",
    "px_over_env13_pct",
    "px_over_bb55_pct",
    "five_min_closes_count",
    "pullback_pct_from_high",
    "neg_bars_streak",
    "cur_bar_is_positive",
    "breakout_grade_a",
    "breakout_grade_b",
    "chejan_strength_trend",
    "upper_wick_ratio",
    "open_return"
  ],
  "train_rows": 14253,
  "valid_rows": 3564,
  "total_rows": 17817,
  "positive_count": 2967,
  "negative_count": 14850,
  "source_counts": {
    "shadow": 17765,
    "entry": 52
  },
  "valid_accuracy_default_0_5": 0.8894500561167228,
  "valid_precision_default_0_5": 0.6372413793103449,
  "valid_recall_default_0_5": 0.7790893760539629,
  "valid_f1_default_0_5": 0.701062215477997,
  "valid_accuracy_tuned": 0.8956228956228957,
  "valid_precision_tuned": 0.6661654135338346,
  "valid_recall_tuned": 0.7470489038785835,
  "valid_f1_tuned": 0.7042925278219396,
  "valid_auc": 0.93872924498369,
  "cv_splits": 5,
  "cv_accuracy_mean": 0.8935278660556983,
  "cv_f1_mean": 0.7011443182512708,
  "cv_precision_mean": 0.6602438814009624,
  "cv_recall_mean": 0.7492507991664821,
  "cv_auc_mean": 0.9339721217642364,
  "cv_auc_std": 0.00403357583730541
}